01/1957,168.8888887
02/1957,213.3333331
03/1957,274.1666664
04/1957,224.4444442
05/1957,236.9444442
06/1957,209.722222
07/1957,250.8333331
08/1957,257.4999997
09/1957,259.1666664
10/1957,225.2777776
11/1957,235.8333331
12/1957,301.9444441
01/1958,177.7777776
02/1958,241.9444442
03/1958,287.2222219
04/1958,221.3888887
05/1958,231.3888887
06/1958,227.4999998
07/1958,231.1111109
08/1958,226.9444442
09/1958,229.9999998
10/1958,256.9444442
11/1958,237.222222
12/1958,303.333333
01/1959,174.4444443
02/1959,275.2777775
03/1959,278.8888886
04/1959,261.1111109
05/1959,277.7777775
06/1959,272.7777775
07/1959,299.7222219
08/1959,301.3888886
09/1959,282.7777775
10/1959,345.5555552
11/1959,292.4999997
12/1959,394.1666663
01/1960,217.7777776
02/1960,318.0555552
03/1960,348.8888885
04/1960,310.833333
05/1960,311.3888886
06/1960,337.2222219
07/1960,339.4444441
08/1960,341.1111108
09/1960,368.0555552
10/1960,352.7777774
11/1960,366.6666663
12/1960,442.4999996
01/1961,260.8333331
02/1961,314.7222219
03/1961,370.833333
04/1961,346.3888885
05/1961,327.7777775
06/1961,341.3888886
07/1961,362.4999996
08/1961,362.2222219
09/1961,354.9999997
10/1961,354.4444441
11/1961,358.0555552
12/1961,481.3888884
01/1962,251.1111109
02/1962,373.8888885
03/1962,407.2222218
04/1962,353.8888885
05/1962,426.1111107
06/1962,410.2777774
07/1962,437.7777773
08/1962,423.0555551
09/1962,449.444444
10/1962,442.2222218
11/1962,397.7777774
12/1962,543.3333328
01/1963,291.9444442
02/1963,386.9444441
03/1963,446.6666662
04/1963,444.7222218
05/1963,412.7777774
06/1963,431.6666662
07/1963,449.444444
08/1963,492.4999995
09/1963,476.944444
10/1963,506.6666662
11/1963,470.2777773
12/1963,641.666666
01/1964,312.4999997
02/1964,456.944444
03/1964,539.9999995
04/1964,513.8888884
05/1964,514.1666662
06/1964,544.9999995
07/1964,597.4999994
08/1964,561.9444439
09/1964,569.4444439
10/1964,667.7777771
11/1964,608.6111105
12/1964,785.277777
01/1965,443.8888885
02/1965,644.7222216
03/1965,734.4444437
04/1965,685.8333327
05/1965,701.1111104
06/1965,719.166666
07/1965,758.6111104
08/1965,766.6666659
09/1965,705.2777771
10/1965,743.0555548
11/1965,693.6111104
12/1965,854.7222214
01/1966,557.7777772
02/1966,704.166666
03/1966,833.6111103
04/1966,775.8333326
05/1966,763.6111104
06/1966,797.777777
07/1966,864.7222214
08/1966,813.6111103
09/1966,844.9999992
10/1966,879.1666658
11/1966,849.9999992
12/1966,1091.11111
01/1967,579.9999994
02/1967,802.777777
03/1967,894.4444436
04/1967,861.1111103
05/1967,824.4444436
06/1967,860.5555547
07/1967,893.888888
08/1967,916.388888
09/1967,918.3333324
10/1967,946.1111102
11/1967,848.888888
12/1967,1094.999999
01/1968,659.9999993
02/1968,903.6111102
03/1968,1045.555555
04/1968,1005.277777
05/1968,1110.833332
06/1968,1051.944443
07/1968,1069.166666
08/1968,1145.277777
09/1968,1172.499999
10/1968,1180.555554
11/1968,1196.944443
12/1968,1429.722221
01/1969,839.9999992
02/1969,1098.055554
03/1969,1370.555554
04/1969,1263.61111
05/1969,1271.388888
06/1969,1335.555554
07/1969,1416.666665
08/1969,1379.166665
09/1969,1444.166665
10/1969,1422.499999
11/1969,1382.499999
12/1969,1765.833332
01/1970,1091.666666
02/1970,1358.055554
03/1970,1666.666665
04/1970,1528.333332
05/1970,1492.222221
06/1970,1635.555554
07/1970,1711.944443
08/1970,1594.999998
09/1970,1734.999998
10/1970,1775.277776
11/1970,1559.722221
12/1970,2168.055553
01/1971,1254.999999
02/1971,1650.277776
03/1971,2143.611109
04/1971,1894.72222
05/1971,1898.333331
06/1971,2044.444442
07/1971,2159.999998
08/1971,2091.30288
09/1971,2159.454653
10/1971,2137.582471
11/1971,2070.036541
12/1971,2490.544375
01/1972,1541.171572
02/1972,2062.758214
03/1972,2596.217432
04/1972,2282.909474
05/1972,2138.023913
06/1972,2233.601159
07/1972,2503.736176
08/1972,2480.239123
09/1972,2703.752906
10/1972,2557.289937
11/1972,2582.862836
12/1972,3405.703283
01/1973,1862.167174
02/1973,2867.072734
03/1973,3007.61517
04/1973,2813.724013
05/1973,2830.053262
06/1973,2989.044201
07/1973,3319.08778
08/1973,2984.421561
09/1973,3323.665675
10/1973,3331.956595
11/1973,3470.357439
12/1973,4217.5
01/1974,2553.576212
02/1974,3500.549375
03/1974,4342.840965
04/1974,4265.605875
05/1974,4610.83426
06/1974,4822.469528
07/1974,5101.234059
08/1974,4958.308517
09/1974,4803.083906
10/1974,5443.101376
11/1974,5105.631456
12/1974,5961.589669
01/1975,3701.775464
02/1975,4519.286717
03/1975,5080.026386
04/1975,4805.901684
05/1975,4400.109788
06/1975,4436.761249
07/1975,4793.059213
08/1975,4375.713231
09/1975,4530.16551
10/1975,4873.999603
11/1975,4420.057515
12/1975,5882.237488
01/1976,3654.237511
02/1976,4804.902286
03/1976,5970.392548
04/1976,5333.801357
05/1976,5340.39992
06/1976,5721.108884
07/1976,5971.232784
08/1976,5436.47245
09/1976,6120.767573
10/1976,6039.940879
11/1976,5598.373157
12/1976,7312.024973
01/1977,4760.890477
02/1977,5921.001859
03/1977,7195.708736
04/1977,6864.640884
05/1977,6131.402637
06/1977,6730.529709
07/1977,7334.41583
08/1977,6500.525053
09/1977,6786.623727
10/1977,7207.433254
11/1977,7043.421429
12/1977,8606.713635
01/1978,5657.339235
02/1978,7458.686986
03/1978,8963.000534
04/1978,7885.836372
05/1978,7743.477942
06/1978,8436.352206
07/1978,8583.994131
08/1978,8159.489501
09/1978,8947.443522
10/1978,8683.114507
11/1978,7922.854132
12/1978,9765.971779
01/1979,6030.396197
02/1979,7715.752851
03/1979,9328.57899
04/1979,7740.756187
05/1979,8218.919932
06/1979,8720.598252
07/1979,8941.99806
08/1979,8244.869696
09/1979,9238.351774
10/1979,8701.917049
11/1979,8364.833324
12/1979,11025.07962
01/1980,6962.490006
02/1980,9428.54512
03/1980,10683.78524
04/1980,10127.8194
05/1980,10906.50514
06/1980,11172.53035
07/1980,11282.62466
08/1980,10432.95679
09/1980,11905.93363
10/1980,11946.92692
11/1980,11021.86284
12/1980,14660.2154
01/1981,9511.594546
02/1981,11976.91291
03/1981,13901.5469
04/1981,12673.77413
05/1981,12457.01258
06/1981,12743.4768
07/1981,13271.38879
08/1981,11932.99338
09/1981,13196.71345
10/1981,13361.61611
11/1981,12066.88845
12/1981,14460.21434
01/1982,10158.62192
02/1982,11492.73115
03/1982,13247.79058
04/1982,12421.3459
05/1982,11605.28942
06/1982,11394.72217
07/1982,11999.19226
08/1982,10362.97098
09/1982,11431.6501
10/1982,10949.53887
11/1982,10379.04046
12/1982,12956.76679
01/1983,9170.222274
02/1983,11080.44982
03/1983,12880.86301
04/1983,12248.48547
05/1983,11664.9223
06/1983,12229.275
07/1983,12595.85641
08/1983,11551.91435
09/1983,12914.30194
10/1983,13020.65607
11/1983,12371.35259
12/1983,15272.28246
01/1984,10197.34388
02/1984,13262.41041
03/1984,15789.93139
04/1984,14438.46359
05/1984,14128.44713
06/1984,14633.00476
07/1984,14546.82154
08/1984,13391.78134
09/1984,14502.12828
10/1984,14912.85468
11/1984,13997.09396
12/1984,15852.36567
01/1985,10995.33053
02/1985,12748.14591
03/1985,14666.38363
04/1985,15019.18438
05/1985,14414.69117
06/1985,14523.3403
07/1985,15588.0738
08/1985,13888.25276
09/1985,14941.56493
10/1985,16583.11304
11/1985,15886.60371
12/1985,17946.76315
01/1986,12924.86136
02/1986,15758.92229
03/1986,17779.4529
04/1986,18123.5786
05/1986,17888.52874
06/1986,17651.00551
07/1986,19391.02518
08/1986,16923.18768
09/1986,19050.03122
10/1986,18869.78718
11/1986,16653.12246
12/1986,19750.48796
01/1987,15257.50584
02/1987,17175.16433
03/1987,19568.21886
04/1987,20035.59867
05/1987,18548.52327
06/1987,18572.26763
07/1987,19576.12385
08/1987,18021.31615
09/1987,20306.85807
10/1987,20831.28663
11/1987,19341.50139
12/1987,24095.2404
01/1988,17132.85684
02/1988,20151.99843
03/1988,22991.27174
04/1988,22623.61037
05/1988,20642.0377
06/1988,21666.22228
07/1988,22848.78101
08/1988,20749.40489
09/1988,23150.02351
10/1988,24048.22719
11/1988,23066.76678
12/1988,25905.3162
01/1989,19133.73126
02/1989,22512.78003
03/1989,25983.26103
04/1989,23232.25091
05/1989,21090.25712
06/1989,22550.18004
07/1989,23642.29835
08/1989,21637.16868
09/1989,24327.68078
10/1989,23110.28765
11/1989,21952.23347
12/1989,24693.24204
01/1990,18615.56518
02/1990,21894.61455
03/1990,25285.08795
04/1990,21737.57983
05/1990,21942.15864
06/1990,23579.09959
07/1990,24326.88237
08/1990,22647.13503
09/1990,26624.65303
10/1990,27570.99056
11/1990,25556.25857
12/1990,27760.02013
01/1991,22074.58492
02/1991,25054.02781
03/1991,28834.60111
04/1991,24183.65847
05/1991,24382.68516
06/1991,25322.80781
07/1991,26792.6957
08/1991,24835.64738
09/1991,28014.05422
10/1991,28665.24317
11/1991,27255.74712
12/1991,29809.82499
01/1992,24082.60011
02/1992,27636.90946
03/1992,29875.41575
04/1992,27161.38436
05/1992,25761.05988
06/1992,28380.3331
07/1992,29443.9253
08/1992,26288.28735
09/1992,32054.55494
10/1992,31034.92046
11/1992,27056.31568
12/1992,30877.25769
01/1993,24101.10316
02/1993,28664.59135
03/1993,34922.75086
04/1993,31392.0649
05/1993,27068.2649
06/1993,30616.11109
07/1993,32384.54106
08/1993,28244.03286
09/1993,32978.74653
10/1993,31016.42188
11/1993,28398.13819
12/1993,32342.48857
01/1994,26084.11695
02/1994,30338.15283
03/1994,36533.04185
04/1994,33226.89405
05/1994,27957.59563
06/1994,34298.00485
07/1994,34859.08269
08/1994,31190.0837
09/1994,36322.73241
10/1994,34851.48489
11/1994,34214.88277
12/1994,37448.40252
01/1995,27252.50402
02/1995,35574.13486
03/1995,44306.33711
04/1995,41434.76928
05/1995,35030.06666
06/1995,40332.81403
07/1995,37271.03588
08/1995,33724.22296
09/1995,37969.07155
10/1995,35309.05537
11/1995,35361.95535
12/1995,39359.00558
01/1996,28627.69936
02/1996,34264.10882
03/1996,38800.64621
04/1996,33998.92596
05/1996,32028.11506
06/1996,33617.79894
07/1996,35039.7578
08/1996,32024.00417
09/1996,35245.19565
10/1996,35248.66306
11/1996,35339.92403
12/1996,36578.41753
01/1997,30033.48432
02/1997,32452.24292
03/1997,36980.60667
04/1997,35235.90841
05/1997,34420.52088
06/1997,36046.28577
07/1997,37106.44567
08/1997,33376.97332
09/1997,36591.25545
10/1997,38377.45079
11/1997,33695.88739
12/1997,36267.64956
01/1998,29795.27967
02/1998,32530.76195
03/1998,35568.09663
04/1998,32990.77662
05/1998,29966.06389
06/1998,30972.67883
07/1998,32398.52262
08/1998,27744.05502
09/1998,34180.14085
10/1998,36195.26188
11/1998,30585.87526
12/1998,35295.28725
01/1999,30457.75213
02/1999,30798.64414
03/1999,36039.27439
04/1999,33593.4981
05/1999,29189.4484
06/1999,33852.56032
07/1999,35361.95873
08/1999,33004.30248
09/1999,39957.18119
10/1999,39000.69372
11/1999,37167.02804
12/1999,41694.4984
01/2000,33360.44345
02/2000,37817.65189
03/2000,44211.98978
04/2000,41445.85356
05/2000,35556.14918
06/2000,42282.27075
07/2000,39859.02049
08/2000,38904.90714
09/2000,43797.17117
10/2000,41277.40027
11/2000,39290.80519
12/2000,41276.15289
01/2001,31060.83805
02/2001,36111.70839
03/2001,40486.54435
04/2001,34981.06877
05/2001,31335.07881
06/2001,33826.46009
07/2001,32427.15467
08/2001,31556.96326
09/2001,35096.96573
10/2001,33540.60493
11/2001,31776.18079
12/2001,31047.04871
01/2002,26826.80525
02/2002,30092.59943
03/2002,36418.67466
04/2002,33652.59264
05/2002,32856.35054
06/2002,35934.96874
07/2002,37290.4909
08/2002,34188.02497
09/2002,36751.13593
10/2002,37524.37911
11/2002,38153.04164
12/2002,37472.47237
01/2003,32331.82602
02/2003,36239.58601
03/2003,40494.163
04/2003,38441.91326
05/2003,36648.29923
06/2003,37424.89328
07/2003,39118.26652
08/2003,36488.92805
09/2003,42321.87196
10/2003,44755.11269
11/2003,41651.53615
12/2003,46016.61883
01/2004,40220.92221
02/2004,44679.48475
03/2004,50153.23728
04/2004,47431.53771
05/2004,42155.4065
06/2004,48332.45742
07/2004,48475.71595
08/2004,43412.1915
09/2004,49466.20455
10/2004,50301.85217
11/2004,49238.24631
12/2004,51965.55329
01/2005,42687.89468
02/2005,46179.78605
03/2005,54876.71215
04/2005,51349.28988
05/2005,44985.31223
06/2005,50375.35764
07/2005,49456.07241
08/2005,47194.26804
09/2005,53282.6553
10/2005,51454.7119
11/2005,49922.92222
12/2005,53494.32774
01/2006,43330.63879
02/2006,49630.65275
03/2006,58102.80581
04/2006,52352.40423
05/2006,51046.14801
06/2006,54706.54444
07/2006,54598.0493
08/2006,52969.77334
09/2006,58255.94102
10/2006,55623.6938
11/2006,56508.74725
12/2006,59316.56947
01/2007,49421.46203
02/2007,53243.62425
03/2007,64071.0097
04/2007,55775.41803
05/2007,54381.6703
06/2007,59386.43585
07/2007,58173.35527
08/2007,60262.68782
09/2007,63067.23811
10/2007,64785.92572
11/2007,65439.76097
12/2007,66109.68331
01/2008,59436.42773
02/2008,65156.2616
03/2008,76240.38654
04/2008,67097.86258
05/2008,65224.25063
06/2008,66895.41702
07/2008,71355.83053
08/2008,64477.72876
09/2008,69071.69411
10/2008,69171.69346
11/2008,54900.94765
12/2008,52922.30407
01/2009,38590.8329
02/2009,37986.81666
03/2009,42755.03848
04/2009,42405.05362
05/2009,41595.24447
06/2009,47554.0385
07/2009,51320.91248
08/2009,47523.09728
09/2009,55978.05226
10/2009,58741.71822
11/2009,55878.8864
12/2009,60162.57987
01/2010,53796.14898
02/2010,56880.13972
03/2010,66145.08447
04/2010,63023.79718
05/2010,57719.16043
06/2010,64612.76113
07/2010,68364.23907
08/2010,61023.68776
09/2010,69225.17463
10/2010,70018.37053
11/2010,65922.6385
12/2010,73340.25542
01/2011,60152.88899
02/2011,67715.5061
03/2011,71754.22427
04/2011,61996.0059
05/2011,58665.71638
06/2011,71800.41714
07/2011,72962.90329
08/2011,69585.29488
09/2011,77788.45391
10/2011,71851.67184
11/2011,66995.9635
12/2011,72289.4676
01/2012,58646.43279
02/2012,69359.30274
03/2012,75223.74551
04/2012,68489.03261
05/2012,65734.50705
06/2012,71131.97329
07/2012,67298.71709
08/2012,64104.04972
09/2012,68572.50536
10/2012,65153.80929
11/2012,61497.58066
12/2012,63235.65228
01/2013,53881.37597
02/2013,56808.36895
03/2013,66162.80596
04/2013,59082.20177
05/2013,57127.27174
06/2013,62308.94908
07/2013,59780.63645
08/2013,59114.34287
09/2013,60184.9649
10/2013,62421.69741
11/2013,58944.67734
12/2013,59048.69557
01/2014,50615.32547
02/2014,56784.85211
03/2014,62373.52643
04/2014,59216.16971
05/2014,55083.02487
06/2014,58199.55902
07/2014,60860.20884
08/2014,55416.81453
09/2014,59409.31363
10/2014,61904.43729
11/2014,53203.35966
12/2014,57757.40776
01/2015,51931.43071
02/2015,50023.14791
03/2015,57533.70285
04/2015,54797.06556
05/2015,47499.71601
06/2015,52576.54498
07/2015,54033.1075
08/2015,47804.90882
09/2015,53378.53837
10/2015,54488.9066
11/2015,48748.8417
12/2015,52105.44762
01/2016,45256.92777
02/2016,49751.17559
03/2016,57174.32003
04/2016,53760.37739
05/2016,46780.27742
06/2016,57193.09043
07/2016,54980.11134
08/2016,52513.65552
09/2016,58643.12281
10/2016,56494.91766
11/2016,54926.58295
12/2016,57577.8502
01/2017,47191.11282
02/2017,56213.20182
03/2017,64011.88734
04/2017,57499.61307
05/2017,52133.18386
06/2017,59577.37549
07/2017,57772.75907
08/2017,57167.05338
09/2017,61481.70277
10/2017,59273.93352
11/2017,61337.29067
12/2017,64670.13499
01/2018,54892.27957
02/2018,59857.33324
03/2018,69611.69139
04/2018,63370.97158
05/2018,57680.52631
06/2018,64088.59987
07/2018,60508.15124
08/2018,60252.35178
09/2018,59919.57535
10/2018,64259.64434
11/2018,61118.92378
12/2018,62583.16678
01/2019,51160.03319
02/2019,57817.99429
03/2019,64799.9684
04/2019,59693.7516
05/2019,53085.08782
06/2019,60934.37958
07/2019,61350.82442
08/2019,57809.59482
09/2019,59224.43631
10/2019,60813.44907
11/2019,58599.40379
12/2019,60275.31789
01/2020,49716.40959
02/2020,57436.42081
03/2020,59043.6239
04/2020,48310.55235
05/2020,39044.4464
06/2020,45179.24594
07/2020,50318.03359
08/2020,49362.69191
09/2020,57333.62077
10/2020,62397.00287
11/2020,58550.5591
12/2020,64613.13931
01/2021,55685.5283
02/2021,57302.11333
03/2021,67871.35509
04/2021,65846.99262
05/2021,57377.6232
06/2021,65606.80557
07/2021,66730.71702
08/2021,60125.22158
09/2021,62095.58205
10/2021,63500.07784
11/2021,64642.3277
12/2021,69233.83023
01/2022,55129.55309
02/2022,62362.66024
03/2022,71332.90353
04/2022,63900.18836
05/2022,56274.95454
06/2022,64299.69768
07/2022,64024.98503
08/2022,59582.57533
09/2022,61539.46951
10/2022,61212.0008
11/2022,62036.55456
12/2022,65128.82132
01/2023,50216.20085
02/2023,57531.21962
03/2023,66016.13161
04/2023,62101.54828
05/2023,53205.76553
06/2023,61855.9803
07/2023,61902.79555
08/2023,55218.30497
09/2023,62221.12196
10/2023,61146.58041
11/2023,58923.11328
12/2023,66976.31194
01/2024,50123.30889
